CUSTOMERID,MONETARY_VALUE,AVERAGE_MONETARY_VALUE,FREQUENCY,FIRST_ORDER_DATE,LATEST_ORDER_DATE,RECENCY,RFM_RECENCY,RFM_FREQUENCY,RFM_MONETARY,RFM_TOTAL_SCORE,RFM_SCORE_CATEGORY
3697,12,12,1,2023-05-05,2023-06-10,36,2,2,1,5,221
6416,13,13,1,2023-04-26,2023-06-10,45,1,1,1,3,111
5533,14,14,1,2023-04-13,2023-06-10,58,1,3,1,5,131
8821,15,15,1,2023-05-05,2023-06-10,36,2,2,1,5,221
8017,15,15,1,2023-04-21,2023-06-10,50,1,1,1,3,111
8993,17,17,1,2023-04-12,2023-06-10,59,1,4,1,6,141
3219,17,17,1,2023-04-30,2023-06-10,41,2,2,1,5,221
8816,19,19,1,2023-04-30,2023-06-10,41,2,2,1,5,221
3248,21,21,1,2023-05-25,2023-06-10,16,3,3,1,7,331
5660,26,26,1,2023-05-19,2023-06-10,22,3,3,1,7,331
8780,26,26,1,2023-06-02,2023-06-10,8,4,4,1,9,441
8094,27,27,1,2023-05-01,2023-06-10,40,2,2,1,5,221
8342,27,27,1,2023-05-31,2023-06-10,10,4,4,1,9,441
9907,29,29,1,2023-05-31,2023-06-10,10,4,4,1,9,441
4728,33,33,1,2023-04-25,2023-06-10,46,1,1,1,3,111
6299,35,35,1,2023-05-09,2023-06-10,32,2,2,1,5,221
4271,35,35,1,2023-04-17,2023-06-10,54,1,1,1,3,111
9985,36,36,1,2023-04-14,2023-06-10,57,1,1,1,3,111
7209,38,38,1,2023-05-02,2023-06-10,39,2,2,1,5,221
3384,39,39,1,2023-05-27,2023-06-10,14,4,3,1,8,431
3926,41,41,1,2023-06-05,2023-06-10,5,4,4,1,9,441
4166,42,42,1,2023-04-25,2023-06-10,46,1,1,1,3,111
4485,46,46,1,2023-06-08,2023-06-10,2,4,4,1,9,441
3392,48,48,1,2023-04-19,2023-06-10,52,1,1,1,3,111
5107,49,49,1,2023-06-07,2023-06-10,3,4,4,1,9,441
4157,52,52,1,2023-04-19,2023-06-10,52,1,1,1,3,111
6447,54,54,1,2023-04-19,2023-06-10,52,1,1,1,3,111
5009,54,54,1,2023-05-28,2023-06-10,13,4,3,1,8,431
1464,55,55,1,2023-04-16,2023-06-10,55,1,1,1,3,111
2911,55,55,1,2023-04-19,2023-06-10,52,1,1,1,3,111
7606,55,55,1,2023-05-04,2023-06-10,37,2,2,1,5,221
8790,56,56,1,2023-04-28,2023-06-10,43,2,1,1,4,211
2489,57,57,1,2023-05-29,2023-06-10,12,4,4,1,9,441
9689,58,58,1,2023-05-28,2023-06-10,13,4,3,1,8,431
9761,58,58,1,2023-05-20,2023-06-10,21,3,3,1,7,331
1317,59,59,1,2023-04-20,2023-06-10,51,1,1,1,3,111
3308,60,60,1,2023-04-17,2023-06-10,54,1,1,1,3,111
8242,61,61,1,2023-05-29,2023-06-10,12,4,4,1,9,441
2391,62,62,1,2023-06-06,2023-06-10,4,4,3,1,8,431
9368,65,65,1,2023-05-04,2023-06-10,37,2,2,1,5,221
6134,67,67,1,2023-05-21,2023-06-10,20,3,3,1,7,331
2195,69,69,1,2023-05-25,2023-06-10,16,3,3,1,7,331
7916,73,73,1,2023-05-19,2023-06-10,22,3,3,1,7,331
6644,73,73,1,2023-05-25,2023-06-10,16,3,3,1,7,331
2869,75,75,1,2023-06-02,2023-06-10,8,4,4,1,9,441
5762,77,77,1,2023-05-23,2023-06-10,18,3,3,1,7,331
6850,77,77,1,2023-05-31,2023-06-10,10,4,4,1,9,441
1273,77,77,1,2023-05-18,2023-06-10,23,3,3,1,7,331
9576,77,77,1,2023-05-04,2023-06-10,37,2,2,1,5,221
6967,79,79,1,2023-05-08,2023-06-10,33,2,2,1,5,221
5564,79,79,1,2023-06-05,2023-06-10,5,4,4,1,9,441
4608,80,80,1,2023-04-11,2023-06-10,60,1,4,1,6,141
7146,85,85,1,2023-05-09,2023-06-10,32,2,2,1,5,221
4562,86,86,1,2023-05-27,2023-06-10,14,3,3,1,7,331
8273,86,86,1,2023-05-29,2023-06-10,12,4,4,1,9,441
5444,87,87,1,2023-06-02,2023-06-10,8,4,4,1,9,441
8532,87,87,1,2023-06-08,2023-06-10,2,4,4,1,9,441
5499,87,87,1,2023-05-09,2023-06-10,32,2,2,1,5,221
2964,88,88,1,2023-06-08,2023-06-10,2,4,4,1,9,441
4614,88,88,1,2023-04-27,2023-06-10,44,2,1,1,4,211
8803,88,88,1,2023-04-30,2023-06-10,41,2,2,1,5,221
6262,89,89,1,2023-04-17,2023-06-10,54,1,1,1,3,111
3954,90,90,1,2023-05-30,2023-06-10,11,4,4,1,9,441
3463,91,91,1,2023-05-02,2023-06-10,39,2,2,1,5,221
8511,94,94,1,2023-05-28,2023-06-10,13,4,3,1,8,431
9442,96,96,1,2023-05-01,2023-06-10,40,2,2,1,5,221
6499,98,98,1,2023-05-22,2023-06-10,19,3,3,1,7,331
4751,98,98,1,2023-05-05,2023-06-10,36,2,2,1,5,221
4727,99,99,1,2023-05-28,2023-06-10,13,4,3,1,8,431
3443,99,99,1,2023-06-10,2023-06-10,0,4,4,1,9,441
7084,99,99,1,2023-05-30,2023-06-10,11,4,4,1,9,441
9148,99,99,1,2023-04-12,2023-06-10,59,1,4,1,6,141
1086,100,100,1,2023-06-01,2023-06-10,9,4,4,1,9,441
8770,100,100,1,2023-04-15,2023-06-10,56,1,1,1,3,111
9210,100,100,1,2023-05-13,2023-06-10,28,3,3,1,7,331
7669,103,103,1,2023-04-23,2023-06-10,48,1,1,1,3,111
1520,103,103,1,2023-04-12,2023-06-10,59,1,4,1,6,141
8414,106,106,1,2023-04-18,2023-06-10,53,1,1,1,3,111
6706,107,107,1,2023-05-11,2023-06-10,30,3,2,1,6,321
2551,111,111,1,2023-05-10,2023-06-10,31,3,2,1,6,321
5179,112,112,1,2023-05-30,2023-06-10,11,4,4,1,9,441
5088,112,112,1,2023-05-23,2023-06-10,18,3,3,1,7,331
7997,113,113,1,2023-06-06,2023-06-10,4,4,3,1,8,431
6188,115,115,1,2023-05-04,2023-06-10,37,2,2,1,5,221
9317,115,115,1,2023-06-08,2023-06-10,2,4,4,1,9,441
7670,115,115,1,2023-05-13,2023-06-10,28,3,3,1,7,331
5890,117,117,1,2023-05-24,2023-06-10,17,3,2,1,6,321
7984,117,117,1,2023-05-24,2023-06-10,17,3,3,1,7,331
5349,117,117,1,2023-04-13,2023-06-10,58,1,1,1,3,111
5450,118,118,1,2023-04-19,2023-06-10,52,1,1,1,3,111
9005,121,121,1,2023-04-12,2023-06-10,59,1,4,1,6,141
7437,123,123,1,2023-05-04,2023-06-10,37,2,2,1,5,221
3399,123,62,2,2023-06-03,2023-06-10,7,4,4,1,9,441
7431,123,123,1,2023-05-18,2023-06-10,23,3,3,1,7,331
8758,123,123,1,2023-05-23,2023-06-10,18,3,3,1,7,331
6549,124,124,1,2023-06-01,2023-06-10,9,4,4,1,9,441
6570,126,126,1,2023-06-10,2023-06-10,0,4,4,1,9,441
3194,127,127,1,2023-05-01,2023-06-10,40,2,2,1,5,221
8598,127,127,1,2023-06-04,2023-06-10,6,4,4,1,9,441
8324,128,128,1,2023-05-01,2023-06-10,40,2,2,1,5,221
5742,129,129,1,2023-05-01,2023-06-10,40,2,2,1,5,221
6400,131,131,1,2023-05-23,2023-06-10,18,3,3,1,7,331
4893,131,131,1,2023-04-30,2023-06-10,41,2,2,1,5,221
9267,132,132,1,2023-04-21,2023-06-10,50,1,1,1,3,111
8529,133,133,1,2023-04-12,2023-06-10,59,1,4,1,6,141
9452,133,133,1,2023-06-04,2023-06-10,6,4,4,1,9,441
5622,134,134,1,2023-04-28,2023-06-10,43,2,1,1,4,211
9115,135,135,1,2023-04-13,2023-06-10,58,1,1,1,3,111
5347,135,135,1,2023-04-14,2023-06-10,57,1,1,1,3,111
3735,136,136,1,2023-05-04,2023-06-10,37,2,2,1,5,221
9331,137,69,2,2023-05-26,2023-06-10,15,3,4,1,8,341
6381,137,137,1,2023-06-02,2023-06-10,8,4,4,1,9,441
6420,137,137,1,2023-05-03,2023-06-10,38,2,2,1,5,221
6658,139,139,1,2023-05-06,2023-06-10,35,2,2,1,5,221
2926,140,140,1,2023-06-07,2023-06-10,3,4,4,1,9,441
9288,141,141,1,2023-04-27,2023-06-10,44,1,1,1,3,111
3877,141,141,1,2023-04-23,2023-06-10,48,1,1,1,3,111
4510,141,141,1,2023-05-15,2023-06-10,26,3,3,1,7,331
2988,142,142,1,2023-05-10,2023-06-10,31,3,2,1,6,321
2761,143,143,1,2023-05-08,2023-06-10,33,2,2,1,5,221
9582,144,144,1,2023-06-08,2023-06-10,2,4,4,1,9,441
4279,144,144,1,2023-04-18,2023-06-10,53,1,1,1,3,111
2121,145,145,1,2023-04-22,2023-06-10,49,1,1,1,3,111
1104,146,146,1,2023-05-07,2023-06-10,34,2,2,1,5,221
1742,146,146,1,2023-04-13,2023-06-10,58,1,1,1,3,111
4387,147,147,1,2023-05-22,2023-06-10,19,3,3,1,7,331
3719,148,148,1,2023-05-20,2023-06-10,21,3,3,1,7,331
6770,149,149,1,2023-04-21,2023-06-10,50,1,1,1,3,111
6236,149,149,1,2023-05-24,2023-06-10,17,3,2,1,6,321
9022,149,149,1,2023-04-29,2023-06-10,42,2,2,1,5,221
7116,150,150,1,2023-05-25,2023-06-10,16,3,3,1,7,331
7730,151,151,1,2023-05-19,2023-06-10,22,3,3,1,7,331
7434,151,151,1,2023-05-12,2023-06-10,29,3,2,1,6,321
3972,152,152,1,2023-06-05,2023-06-10,5,4,4,1,9,441
5512,152,152,1,2023-05-06,2023-06-10,35,2,2,1,5,221
3656,153,153,1,2023-06-05,2023-06-10,5,4,4,1,9,441
3174,155,155,1,2023-04-26,2023-06-10,45,1,1,1,3,111
4871,155,155,1,2023-04-17,2023-06-10,54,1,1,1,3,111
6277,157,157,1,2023-05-19,2023-06-10,22,3,3,1,7,331
9508,157,157,1,2023-05-10,2023-06-10,31,2,2,1,5,221
4533,158,158,1,2023-06-03,2023-06-10,7,4,4,1,9,441
7821,158,158,1,2023-05-07,2023-06-10,34,2,2,1,5,221
2843,158,158,1,2023-05-07,2023-06-10,34,2,2,1,5,221
4814,159,159,1,2023-04-16,2023-06-10,55,1,1,1,3,111
1530,162,162,1,2023-05-19,2023-06-10,22,3,3,1,7,331
2344,163,163,1,2023-04-28,2023-06-10,43,2,2,1,5,221
6574,164,164,1,2023-04-28,2023-06-10,43,2,1,1,4,211
7753,164,164,1,2023-04-27,2023-06-10,44,1,1,1,3,111
1504,165,165,1,2023-05-11,2023-06-10,30,3,2,1,6,321
7445,165,165,1,2023-05-28,2023-06-10,13,4,3,1,8,431
8542,165,165,1,2023-05-03,2023-06-10,38,2,2,1,5,221
8432,166,166,1,2023-05-02,2023-06-10,39,2,2,1,5,221
7054,166,166,1,2023-04-29,2023-06-10,42,2,2,1,5,221
4920,167,167,1,2023-05-26,2023-06-10,15,3,3,1,7,331
8625,168,168,1,2023-04-30,2023-06-10,41,2,2,1,5,221
4110,168,168,1,2023-05-29,2023-06-10,12,4,4,1,9,441
4878,171,171,1,2023-06-05,2023-06-10,5,4,4,1,9,441
6730,172,172,1,2023-05-03,2023-06-10,38,2,2,1,5,221
2169,174,174,1,2023-04-14,2023-06-10,57,1,1,1,3,111
3406,175,175,1,2023-04-14,2023-06-10,57,1,1,1,3,111
8552,176,176,1,2023-04-14,2023-06-10,57,1,1,1,3,111
1719,179,179,1,2023-05-30,2023-06-10,11,4,4,1,9,441
1341,180,180,1,2023-05-01,2023-06-10,40,2,2,1,5,221
9266,181,181,1,2023-05-22,2023-06-10,19,3,3,1,7,331
9918,182,182,1,2023-05-17,2023-06-10,24,3,3,1,7,331
6582,186,186,1,2023-05-26,2023-06-10,15,3,3,1,7,331
5819,186,186,1,2023-05-09,2023-06-10,32,2,2,1,5,221
2200,186,186,1,2023-04-14,2023-06-10,57,1,1,1,3,111
8310,187,187,1,2023-04-21,2023-06-10,50,1,1,1,3,111
3527,189,189,1,2023-04-21,2023-06-10,50,1,1,1,3,111
6621,192,192,1,2023-05-04,2023-06-10,37,2,2,1,5,221
2749,193,193,1,2023-04-19,2023-06-10,52,1,1,1,3,111
5215,194,194,1,2023-05-26,2023-06-10,15,3,3,1,7,331
7286,194,194,1,2023-05-08,2023-06-10,33,2,2,1,5,221
4517,195,195,1,2023-06-08,2023-06-10,2,4,4,1,9,441
7770,196,196,1,2023-04-14,2023-06-10,57,1,1,1,3,111
6885,197,197,1,2023-05-29,2023-06-10,12,4,4,1,9,441
4470,198,198,1,2023-06-09,2023-06-10,1,4,4,1,9,441
3369,199,199,1,2023-05-05,2023-06-10,36,2,2,1,5,221
2143,202,202,1,2023-06-07,2023-06-10,3,4,3,1,8,431
9693,202,202,1,2023-05-13,2023-06-10,28,3,3,1,7,331
8736,203,203,1,2023-06-06,2023-06-10,4,4,3,1,8,431
8879,206,206,1,2023-05-16,2023-06-10,25,3,3,1,7,331
8711,208,208,1,2023-04-25,2023-06-10,46,1,1,1,3,111
9175,208,208,1,2023-05-28,2023-06-10,13,4,3,1,8,431
1984,209,209,1,2023-04-29,2023-06-10,42,2,2,1,5,221
1185,209,209,1,2023-05-21,2023-06-10,20,3,3,1,7,331
5735,215,215,1,2023-05-26,2023-06-10,15,3,3,1,7,331
4555,217,217,1,2023-05-11,2023-06-10,30,3,2,1,6,321
5938,219,219,1,2023-06-10,2023-06-10,0,4,4,1,9,441
1193,219,219,1,2023-05-24,2023-06-10,17,3,3,1,7,331
2501,220,220,1,2023-05-23,2023-06-10,18,3,3,1,7,331
2559,221,221,1,2023-04-11,2023-06-10,60,1,4,1,6,141
4624,221,221,1,2023-06-06,2023-06-10,4,4,3,1,8,431
8244,222,222,1,2023-05-24,2023-06-10,17,3,2,1,6,321
7785,223,223,1,2023-04-28,2023-06-10,43,2,1,1,4,211
3676,223,223,1,2023-04-14,2023-06-10,57,1,1,1,3,111
5920,223,223,1,2023-04-25,2023-06-10,46,1,1,1,3,111
9084,225,225,1,2023-04-26,2023-06-10,45,1,1,1,3,111
9756,226,226,1,2023-05-06,2023-06-10,35,2,2,1,5,221
1049,226,226,1,2023-05-28,2023-06-10,13,4,3,1,8,431
6878,227,227,1,2023-04-13,2023-06-10,58,1,1,1,3,111
7543,227,227,1,2023-05-04,2023-06-10,37,2,2,1,5,221
8405,229,229,1,2023-05-13,2023-06-10,28,3,2,1,6,321
2337,232,232,1,2023-05-04,2023-06-10,37,2,2,1,5,221
2982,232,232,1,2023-04-26,2023-06-10,45,1,1,1,3,111
4626,233,233,1,2023-05-22,2023-06-10,19,3,3,1,7,331
4948,233,233,1,2023-06-04,2023-06-10,6,4,4,1,9,441
4214,238,238,1,2023-05-02,2023-06-10,39,2,2,1,5,221
5192,239,239,1,2023-05-22,2023-06-10,19,3,3,1,7,331
2658,239,239,1,2023-05-27,2023-06-10,14,4,3,1,8,431
5331,242,242,1,2023-05-04,2023-06-10,37,2,2,1,5,221
3048,242,242,1,2023-05-27,2023-06-10,14,4,3,1,8,431
2902,242,242,1,2023-04-17,2023-06-10,54,1,1,1,3,111
4568,244,244,1,2023-04-18,2023-06-10,53,1,1,1,3,111
6431,245,245,1,2023-05-25,2023-06-10,16,3,3,1,7,331
4090,246,246,1,2023-05-25,2023-06-10,16,3,3,1,7,331
1590,247,247,1,2023-05-04,2023-06-10,37,2,2,1,5,221
9475,248,248,1,2023-05-29,2023-06-10,12,4,4,1,9,441
3661,248,248,1,2023-05-17,2023-06-10,24,3,3,1,7,331
4923,248,248,1,2023-04-14,2023-06-10,57,1,1,1,3,111
5060,249,249,1,2023-05-23,2023-06-10,18,3,3,1,7,331
9443,250,250,1,2023-05-17,2023-06-10,24,3,3,1,7,331
9589,250,250,1,2023-04-26,2023-06-10,45,1,1,1,3,111
9751,252,252,1,2023-05-27,2023-06-10,14,3,3,1,7,331
5949,252,252,1,2023-05-11,2023-06-10,30,3,2,1,6,321
4909,252,252,1,2023-04-14,2023-06-10,57,1,1,1,3,111
6068,255,255,1,2023-04-25,2023-06-10,46,1,1,1,3,111
9621,256,256,1,2023-05-23,2023-06-10,18,3,3,1,7,331
8161,257,257,1,2023-05-06,2023-06-10,35,2,2,1,5,221
3267,258,258,1,2023-06-05,2023-06-10,5,4,4,1,9,441
8449,258,258,1,2023-04-16,2023-06-10,55,1,1,1,3,111
5438,259,259,1,2023-04-30,2023-06-10,41,2,2,1,5,221
1212,259,259,1,2023-05-28,2023-06-10,13,4,3,1,8,431
3024,260,260,1,2023-05-16,2023-06-10,25,3,3,1,7,331
9908,265,265,1,2023-05-07,2023-06-10,34,2,2,1,5,221
4729,266,266,1,2023-06-08,2023-06-10,2,4,4,1,9,441
4879,268,268,1,2023-04-29,2023-06-10,42,2,2,2,6,222
1753,269,269,1,2023-04-15,2023-06-10,56,1,1,2,4,112
2444,270,270,1,2023-04-15,2023-06-10,56,1,1,2,4,112
9797,274,274,1,2023-05-29,2023-06-10,12,4,4,2,10,442
6168,275,275,1,2023-05-06,2023-06-10,35,2,2,2,6,222
6896,277,277,1,2023-05-29,2023-06-10,12,4,4,2,10,442
7557,279,279,1,2023-05-10,2023-06-10,31,3,2,2,7,322
7775,282,282,1,2023-04-30,2023-06-10,41,2,2,2,6,222
9673,282,282,1,2023-05-27,2023-06-10,14,4,3,2,9,432
3742,283,283,1,2023-05-31,2023-06-10,10,4,4,2,10,442
1992,283,283,1,2023-05-06,2023-06-10,35,2,2,2,6,222
6327,284,284,1,2023-06-05,2023-06-10,5,4,4,2,10,442
2654,285,285,1,2023-05-05,2023-06-10,36,2,2,2,6,222
2882,286,286,1,2023-05-29,2023-06-10,12,4,4,2,10,442
4150,286,286,1,2023-04-26,2023-06-10,45,1,1,2,4,112
8620,289,289,1,2023-06-05,2023-06-10,5,4,4,2,10,442
3525,290,290,1,2023-05-20,2023-06-10,21,3,3,2,8,332
6269,290,290,1,2023-05-30,2023-06-10,11,4,4,2,10,442
3573,292,146,2,2023-04-26,2023-06-10,45,1,4,2,7,142
5706,293,293,1,2023-05-01,2023-06-10,40,2,2,2,6,222
8622,295,295,1,2023-06-07,2023-06-10,3,4,4,2,10,442
6939,296,296,1,2023-05-16,2023-06-10,25,3,3,2,8,332
4683,296,296,1,2023-05-15,2023-06-10,26,3,3,2,8,332
2767,300,300,1,2023-04-12,2023-06-10,59,1,4,2,7,142
6302,300,300,1,2023-05-26,2023-06-10,15,3,3,2,8,332
8909,302,302,1,2023-04-17,2023-06-10,54,1,1,2,4,112
3538,303,303,1,2023-04-15,2023-06-10,56,1,1,2,4,112
7022,306,306,1,2023-06-06,2023-06-10,4,4,3,2,9,432
6661,306,306,1,2023-05-18,2023-06-10,23,3,3,2,8,332
5521,307,307,1,2023-05-07,2023-06-10,34,2,2,2,6,222
6873,307,307,1,2023-05-13,2023-06-10,28,3,3,2,8,332
8484,309,309,1,2023-06-04,2023-06-10,6,4,4,2,10,442
4575,309,309,1,2023-05-10,2023-06-10,31,2,2,2,6,222
6822,309,309,1,2023-05-21,2023-06-10,20,3,3,2,8,332
6253,309,309,1,2023-04-26,2023-06-10,45,1,1,2,4,112
2655,309,309,1,2023-05-02,2023-06-10,39,2,2,2,6,222
3280,310,310,1,2023-05-21,2023-06-10,20,3,3,2,8,332
9488,311,311,1,2023-04-20,2023-06-10,51,1,1,2,4,112
2153,311,311,1,2023-06-03,2023-06-10,7,4,4,2,10,442
7824,315,315,1,2023-05-18,2023-06-10,23,3,3,2,8,332
9064,316,316,1,2023-05-15,2023-06-10,26,3,3,2,8,332
9609,321,321,1,2023-05-05,2023-06-10,36,2,2,2,6,222
4290,321,321,1,2023-05-11,2023-06-10,30,3,2,2,7,322
6916,323,323,1,2023-06-09,2023-06-10,1,4,4,2,10,442
8982,324,324,1,2023-05-22,2023-06-10,19,3,3,2,8,332
3983,325,325,1,2023-05-19,2023-06-10,22,3,3,2,8,332
8078,329,329,1,2023-05-28,2023-06-10,13,4,3,2,9,432
1230,329,329,1,2023-06-07,2023-06-10,3,4,3,2,9,432
7870,329,329,1,2023-04-25,2023-06-10,46,1,1,2,4,112
9105,330,330,1,2023-04-28,2023-06-10,43,2,1,2,5,212
4598,331,331,1,2023-05-24,2023-06-10,17,3,2,2,7,322
6482,336,336,1,2023-04-15,2023-06-10,56,1,1,2,4,112
1514,337,337,1,2023-06-05,2023-06-10,5,4,3,2,9,432
9129,338,338,1,2023-04-20,2023-06-10,51,1,1,2,4,112
8719,339,339,1,2023-04-12,2023-06-10,59,1,4,2,7,142
6399,341,341,1,2023-05-09,2023-06-10,32,2,2,2,6,222
8370,341,341,1,2023-05-28,2023-06-10,13,4,3,2,9,432
4743,346,346,1,2023-05-07,2023-06-10,34,2,2,2,6,222
8609,347,347,1,2023-04-24,2023-06-10,47,1,1,2,4,112
2296,350,350,1,2023-04-21,2023-06-10,50,1,1,2,4,112
6707,350,350,1,2023-04-30,2023-06-10,41,2,2,2,6,222
8951,350,350,1,2023-05-31,2023-06-10,10,4,4,2,10,442
2879,353,353,1,2023-05-23,2023-06-10,18,3,3,2,8,332
8368,355,355,1,2023-04-27,2023-06-10,44,2,1,2,5,212
1972,357,357,1,2023-05-17,2023-06-10,24,3,3,2,8,332
1025,359,359,1,2023-05-20,2023-06-10,21,3,3,2,8,332
2890,359,359,1,2023-05-29,2023-06-10,12,4,4,2,10,442
8807,360,360,1,2023-05-01,2023-06-10,40,2,2,2,6,222
4131,363,363,1,2023-04-29,2023-06-10,42,2,2,2,6,222
9571,364,364,1,2023-04-23,2023-06-10,48,1,1,2,4,112
3793,364,364,1,2023-05-02,2023-06-10,39,2,2,2,6,222
7224,365,365,1,2023-04-17,2023-06-10,54,1,1,2,4,112
1878,365,365,1,2023-06-05,2023-06-10,5,4,3,2,9,432
1919,365,365,1,2023-04-29,2023-06-10,42,2,2,2,6,222
5285,366,366,1,2023-05-22,2023-06-10,19,3,3,2,8,332
6053,366,366,1,2023-04-27,2023-06-10,44,2,1,2,5,212
5853,367,367,1,2023-04-25,2023-06-10,46,1,1,2,4,112
3852,368,368,1,2023-05-31,2023-06-10,10,4,4,2,10,442
4868,369,369,1,2023-06-04,2023-06-10,6,4,4,2,10,442
6175,369,369,1,2023-05-07,2023-06-10,34,2,2,2,6,222
9622,371,371,1,2023-06-05,2023-06-10,5,4,3,2,9,432
9796,372,372,1,2023-04-22,2023-06-10,49,1,1,2,4,112
8483,375,375,1,2023-04-11,2023-06-10,60,1,4,2,7,142
1616,375,375,1,2023-04-14,2023-06-10,57,1,1,2,4,112
5903,375,375,1,2023-05-01,2023-06-10,40,2,2,2,6,222
9553,377,377,1,2023-05-07,2023-06-10,34,2,2,2,6,222
8369,377,377,1,2023-06-04,2023-06-10,6,4,4,2,10,442
6319,378,378,1,2023-06-04,2023-06-10,6,4,4,2,10,442
5102,378,378,1,2023-04-16,2023-06-10,55,1,1,2,4,112
1500,379,379,1,2023-04-26,2023-06-10,45,1,1,2,4,112
9462,380,380,1,2023-06-05,2023-06-10,5,4,4,2,10,442
9418,383,383,1,2023-04-18,2023-06-10,53,1,1,2,4,112
9465,383,383,1,2023-04-27,2023-06-10,44,2,1,2,5,212
7932,383,383,1,2023-05-31,2023-06-10,10,4,4,2,10,442
2531,385,385,1,2023-05-06,2023-06-10,35,2,1,2,5,212
3878,386,386,1,2023-04-19,2023-06-10,52,1,1,2,4,112
2747,388,388,1,2023-04-26,2023-06-10,45,1,1,2,4,112
2438,388,388,1,2023-05-27,2023-06-10,14,4,3,2,9,432
7135,389,389,1,2023-06-07,2023-06-10,3,4,4,2,10,442
5224,389,389,1,2023-04-15,2023-06-10,56,1,1,2,4,112
9128,389,389,1,2023-04-12,2023-06-10,59,1,4,2,7,142
4196,390,390,1,2023-06-02,2023-06-10,8,4,4,2,10,442
4765,392,392,1,2023-05-05,2023-06-10,36,2,2,2,6,222
7793,392,196,2,2023-06-01,2023-06-10,9,4,4,2,10,442
1713,393,393,1,2023-05-21,2023-06-10,20,3,3,2,8,332
5221,393,393,1,2023-06-06,2023-06-10,4,4,3,2,9,432
5670,393,393,1,2023-04-12,2023-06-10,59,1,4,2,7,142
3103,394,394,1,2023-04-17,2023-06-10,54,1,1,2,4,112
1643,394,394,1,2023-05-16,2023-06-10,25,3,3,2,8,332
5781,394,394,1,2023-05-07,2023-06-10,34,2,2,2,6,222
4014,394,394,1,2023-06-04,2023-06-10,6,4,4,2,10,442
1136,395,395,1,2023-04-15,2023-06-10,56,1,1,2,4,112
9788,397,397,1,2023-05-01,2023-06-10,40,2,2,2,6,222
3435,399,399,1,2023-05-04,2023-06-10,37,2,2,2,6,222
5747,400,400,1,2023-05-31,2023-06-10,10,4,4,2,10,442
1744,401,401,1,2023-04-25,2023-06-10,46,1,1,2,4,112
4450,403,403,1,2023-04-21,2023-06-10,50,1,1,2,4,112
9374,404,404,1,2023-04-28,2023-06-10,43,2,2,2,6,222
2077,404,404,1,2023-04-30,2023-06-10,41,2,2,2,6,222
5520,405,405,1,2023-05-30,2023-06-10,11,4,4,2,10,442
1509,410,410,1,2023-06-10,2023-06-10,0,4,4,2,10,442
8450,410,410,1,2023-06-09,2023-06-10,1,4,4,2,10,442
2681,418,418,1,2023-05-06,2023-06-10,35,2,2,2,6,222
6638,418,418,1,2023-04-12,2023-06-10,59,1,4,2,7,142
3634,418,418,1,2023-05-02,2023-06-10,39,2,2,2,6,222
6633,419,419,1,2023-04-24,2023-06-10,47,1,1,2,4,112
1944,419,419,1,2023-05-16,2023-06-10,25,3,3,2,8,332
2765,420,420,1,2023-05-29,2023-06-10,12,4,3,2,9,432
9535,420,420,1,2023-05-09,2023-06-10,32,2,2,2,6,222
9276,422,422,1,2023-04-21,2023-06-10,50,1,1,2,4,112
8225,425,425,1,2023-05-01,2023-06-10,40,2,2,2,6,222
8179,425,425,1,2023-05-27,2023-06-10,14,4,3,2,9,432
1207,426,426,1,2023-06-04,2023-06-10,6,4,4,2,10,442
2975,428,428,1,2023-06-05,2023-06-10,5,4,4,2,10,442
2557,433,433,1,2023-05-01,2023-06-10,40,2,2,2,6,222
6911,433,433,1,2023-04-11,2023-06-10,60,1,4,2,7,142
6688,434,434,1,2023-05-15,2023-06-10,26,3,3,2,8,332
6432,436,436,1,2023-05-31,2023-06-10,10,4,4,2,10,442
7955,436,436,1,2023-04-16,2023-06-10,55,1,1,2,4,112
4863,438,438,1,2023-05-16,2023-06-10,25,3,3,2,8,332
3120,439,439,1,2023-05-20,2023-06-10,21,3,3,2,8,332
7529,440,440,1,2023-05-13,2023-06-10,28,3,3,2,8,332
1879,443,443,1,2023-04-17,2023-06-10,54,1,1,2,4,112
7251,444,222,2,2023-06-03,2023-06-10,7,4,4,2,10,442
1731,445,445,1,2023-04-27,2023-06-10,44,2,1,2,5,212
2462,447,447,1,2023-04-23,2023-06-10,48,1,1,2,4,112
3647,447,447,1,2023-05-28,2023-06-10,13,4,3,2,9,432
8381,448,448,1,2023-06-08,2023-06-10,2,4,4,2,10,442
2118,448,448,1,2023-05-11,2023-06-10,30,3,2,2,7,322
2336,449,449,1,2023-04-28,2023-06-10,43,2,1,2,5,212
5923,449,449,1,2023-05-28,2023-06-10,13,4,3,2,9,432
2291,450,450,1,2023-05-10,2023-06-10,31,3,2,2,7,322
9510,451,451,1,2023-05-24,2023-06-10,17,3,3,2,8,332
8863,451,451,1,2023-05-10,2023-06-10,31,3,2,2,7,322
2341,452,452,1,2023-05-14,2023-06-10,27,3,3,2,8,332
6898,453,453,1,2023-05-09,2023-06-10,32,2,2,2,6,222
2041,454,454,1,2023-05-11,2023-06-10,30,3,2,2,7,322
4116,454,454,1,2023-05-15,2023-06-10,26,3,3,2,8,332
6876,458,458,1,2023-06-02,2023-06-10,8,4,4,2,10,442
6345,458,458,1,2023-05-01,2023-06-10,40,2,2,2,6,222
8123,459,459,1,2023-04-21,2023-06-10,50,1,1,2,4,112
6363,460,460,1,2023-04-24,2023-06-10,47,1,1,2,4,112
5087,462,462,1,2023-04-13,2023-06-10,58,1,1,2,4,112
6323,463,463,1,2023-06-05,2023-06-10,5,4,4,2,10,442
2188,464,464,1,2023-04-11,2023-06-10,60,1,4,2,7,142
3519,465,465,1,2023-04-12,2023-06-10,59,1,4,2,7,142
1711,465,465,1,2023-05-27,2023-06-10,14,4,3,2,9,432
8517,466,466,1,2023-05-24,2023-06-10,17,3,3,2,8,332
4762,466,466,1,2023-04-26,2023-06-10,45,1,1,2,4,112
3223,467,467,1,2023-06-05,2023-06-10,5,4,4,2,10,442
1372,468,468,1,2023-04-30,2023-06-10,41,2,2,2,6,222
9307,468,468,1,2023-05-05,2023-06-10,36,2,2,2,6,222
3693,471,471,1,2023-05-09,2023-06-10,32,2,2,2,6,222
6228,472,472,1,2023-04-26,2023-06-10,45,1,1,2,4,112
3704,473,473,1,2023-06-03,2023-06-10,7,4,4,2,10,442
6303,474,474,1,2023-05-27,2023-06-10,14,4,3,2,9,432
8195,474,474,1,2023-04-18,2023-06-10,53,1,1,2,4,112
6634,475,475,1,2023-04-29,2023-06-10,42,2,2,2,6,222
5813,476,476,1,2023-04-17,2023-06-10,54,1,1,2,4,112
6411,478,478,1,2023-05-26,2023-06-10,15,3,3,2,8,332
6328,481,481,1,2023-06-05,2023-06-10,5,4,4,2,10,442
6267,481,481,1,2023-05-19,2023-06-10,22,3,3,2,8,332
2577,481,481,1,2023-04-22,2023-06-10,49,1,1,2,4,112
8612,484,484,1,2023-05-25,2023-06-10,16,3,3,2,8,332
5201,484,484,1,2023-05-28,2023-06-10,13,4,3,2,9,432
3535,487,487,1,2023-05-23,2023-06-10,18,3,3,2,8,332
7807,488,488,1,2023-06-03,2023-06-10,7,4,4,2,10,442
5471,491,491,1,2023-05-08,2023-06-10,33,2,2,2,6,222
3724,491,491,1,2023-05-07,2023-06-10,34,2,2,2,6,222
7275,491,491,1,2023-05-22,2023-06-10,19,3,3,2,8,332
9892,495,495,1,2023-05-25,2023-06-10,16,3,3,2,8,332
9901,499,499,1,2023-05-14,2023-06-10,27,3,3,2,8,332
3871,499,499,1,2023-05-21,2023-06-10,20,3,3,2,8,332
1200,503,503,1,2023-05-10,2023-06-10,31,2,2,2,6,222
4483,504,504,1,2023-05-22,2023-06-10,19,3,3,2,8,332
1519,504,252,2,2023-05-02,2023-06-10,39,2,4,2,8,242
2847,505,505,1,2023-04-26,2023-06-10,45,1,1,2,4,112
3807,505,505,1,2023-04-16,2023-06-10,55,1,1,2,4,112
4054,506,506,1,2023-04-23,2023-06-10,48,1,1,2,4,112
9740,508,508,1,2023-04-16,2023-06-10,55,1,1,2,4,112
4401,508,254,2,2023-05-09,2023-06-10,32,2,4,2,8,242
2682,508,508,1,2023-05-05,2023-06-10,36,2,2,2,6,222
3114,508,508,1,2023-05-08,2023-06-10,33,2,2,2,6,222
6860,508,508,1,2023-06-09,2023-06-10,1,4,4,2,10,442
1924,509,509,1,2023-04-19,2023-06-10,52,1,1,2,4,112
7797,510,255,2,2023-05-22,2023-06-10,19,3,4,2,9,342
1149,511,511,1,2023-04-24,2023-06-10,47,1,1,2,4,112
7566,512,512,1,2023-05-15,2023-06-10,26,3,3,2,8,332
5990,513,513,1,2023-06-06,2023-06-10,4,4,3,2,9,432
9426,514,514,1,2023-06-01,2023-06-10,9,4,4,2,10,442
9311,515,515,1,2023-06-03,2023-06-10,7,4,4,2,10,442
6077,516,516,1,2023-04-16,2023-06-10,55,1,1,2,4,112
6828,518,518,1,2023-05-06,2023-06-10,35,2,2,2,6,222
8429,518,518,1,2023-04-19,2023-06-10,52,1,1,2,4,112
4154,519,519,1,2023-05-01,2023-06-10,40,2,2,2,6,222
7622,519,519,1,2023-06-05,2023-06-10,5,4,3,2,9,432
2389,520,520,1,2023-04-29,2023-06-10,42,2,2,2,6,222
4048,523,523,1,2023-05-12,2023-06-10,29,3,2,2,7,322
9561,525,525,1,2023-04-18,2023-06-10,53,1,1,2,4,112
7342,527,527,1,2023-06-02,2023-06-10,8,4,4,2,10,442
6542,528,528,1,2023-05-14,2023-06-10,27,3,3,2,8,332
2809,528,528,1,2023-04-17,2023-06-10,54,1,1,2,4,112
8199,528,528,1,2023-05-14,2023-06-10,27,3,3,2,8,332
8871,529,529,1,2023-04-21,2023-06-10,50,1,1,2,4,112
1886,529,529,1,2023-04-30,2023-06-10,41,2,2,2,6,222
3705,532,532,1,2023-04-27,2023-06-10,44,2,1,2,5,212
7256,532,532,1,2023-05-13,2023-06-10,28,3,2,2,7,322
2562,533,533,1,2023-06-07,2023-06-10,3,4,3,2,9,432
9802,534,534,1,2023-05-06,2023-06-10,35,2,1,2,5,212
3340,535,535,1,2023-04-15,2023-06-10,56,1,1,2,4,112
7240,535,535,1,2023-05-19,2023-06-10,22,3,3,2,8,332
8355,539,539,1,2023-04-25,2023-06-10,46,1,1,2,4,112
5687,540,540,1,2023-06-05,2023-06-10,5,4,3,2,9,432
1228,541,541,1,2023-04-27,2023-06-10,44,1,1,2,4,112
3521,541,541,1,2023-05-25,2023-06-10,16,3,3,2,8,332
5281,541,541,1,2023-06-04,2023-06-10,6,4,4,2,10,442
8836,545,545,1,2023-06-10,2023-06-10,0,4,4,2,10,442
7322,545,545,1,2023-04-27,2023-06-10,44,2,1,3,6,213
5460,545,545,1,2023-05-13,2023-06-10,28,3,1,3,7,313
1391,546,546,1,2023-04-25,2023-06-10,46,1,1,3,5,113
2063,547,547,1,2023-05-16,2023-06-10,25,3,3,3,9,333
7678,547,547,1,2023-05-02,2023-06-10,39,2,2,3,7,223
7429,548,548,1,2023-04-15,2023-06-10,56,1,1,3,5,113
7204,551,551,1,2023-05-03,2023-06-10,38,2,2,3,7,223
2011,552,552,1,2023-06-03,2023-06-10,7,4,4,3,11,443
8001,555,555,1,2023-06-03,2023-06-10,7,4,4,3,11,443
7049,557,557,1,2023-05-18,2023-06-10,23,3,3,3,9,333
2753,558,558,1,2023-05-28,2023-06-10,13,4,3,3,10,433
1265,558,558,1,2023-04-27,2023-06-10,44,2,1,3,6,213
2468,559,559,1,2023-05-03,2023-06-10,38,2,2,3,7,223
8061,561,561,1,2023-05-09,2023-06-10,32,2,2,3,7,223
2425,561,561,1,2023-05-05,2023-06-10,36,2,2,3,7,223
6201,562,562,1,2023-04-15,2023-06-10,56,1,1,3,5,113
3623,564,564,1,2023-05-02,2023-06-10,39,2,2,3,7,223
7781,567,567,1,2023-04-13,2023-06-10,58,1,1,3,5,113
5915,567,567,1,2023-04-27,2023-06-10,44,1,1,3,5,113
8254,568,568,1,2023-05-05,2023-06-10,36,2,2,3,7,223
7455,569,569,1,2023-05-18,2023-06-10,23,3,3,3,9,333
9702,570,570,1,2023-05-07,2023-06-10,34,2,1,3,6,213
6761,572,572,1,2023-06-10,2023-06-10,0,4,4,3,11,443
9376,575,575,1,2023-05-16,2023-06-10,25,3,3,3,9,333
2617,575,575,1,2023-04-13,2023-06-10,58,1,1,3,5,113
1813,576,576,1,2023-05-06,2023-06-10,35,2,1,3,6,213
9369,577,577,1,2023-04-18,2023-06-10,53,1,1,3,5,113
1706,578,578,1,2023-04-19,2023-06-10,52,1,1,3,5,113
7708,579,579,1,2023-06-02,2023-06-10,8,4,4,3,11,443
6096,583,583,1,2023-04-17,2023-06-10,54,1,1,3,5,113
8043,584,584,1,2023-05-31,2023-06-10,10,4,4,3,11,443
1146,585,585,1,2023-04-13,2023-06-10,58,1,1,3,5,113
4944,588,588,1,2023-04-24,2023-06-10,47,1,1,3,5,113
3131,588,588,1,2023-04-21,2023-06-10,50,1,1,3,5,113
1936,588,588,1,2023-04-14,2023-06-10,57,1,1,3,5,113
6008,588,588,1,2023-05-25,2023-06-10,16,3,3,3,9,333
3945,590,590,1,2023-05-30,2023-06-10,11,4,4,3,11,443
1256,591,591,1,2023-04-24,2023-06-10,47,1,1,3,5,113
7025,593,593,1,2023-05-29,2023-06-10,12,4,4,3,11,443
8493,593,593,1,2023-05-23,2023-06-10,18,3,3,3,9,333
8848,595,595,1,2023-04-24,2023-06-10,47,1,1,3,5,113
7461,596,596,1,2023-04-15,2023-06-10,56,1,1,3,5,113
4232,596,596,1,2023-05-09,2023-06-10,32,2,2,3,7,223
7421,599,599,1,2023-04-19,2023-06-10,52,1,1,3,5,113
4044,599,599,1,2023-04-15,2023-06-10,56,1,1,3,5,113
5033,599,599,1,2023-05-18,2023-06-10,23,3,3,3,9,333
8300,599,599,1,2023-05-29,2023-06-10,12,4,4,3,11,443
1082,601,601,1,2023-05-17,2023-06-10,24,3,3,3,9,333
1842,604,604,1,2023-04-29,2023-06-10,42,2,2,3,7,223
8239,605,605,1,2023-04-16,2023-06-10,55,1,1,3,5,113
3578,606,606,1,2023-05-04,2023-06-10,37,2,2,3,7,223
3363,606,606,1,2023-04-23,2023-06-10,48,1,1,3,5,113
5888,607,607,1,2023-05-17,2023-06-10,24,3,3,3,9,333
7179,609,609,1,2023-05-24,2023-06-10,17,3,2,3,8,323
7043,610,610,1,2023-04-21,2023-06-10,50,1,1,3,5,113
3879,611,611,1,2023-05-22,2023-06-10,19,3,3,3,9,333
8178,615,615,1,2023-04-22,2023-06-10,49,1,1,3,5,113
2752,615,615,1,2023-04-27,2023-06-10,44,2,1,3,6,213
5011,615,615,1,2023-05-11,2023-06-10,30,3,2,3,8,323
4164,615,615,1,2023-04-22,2023-06-10,49,1,1,3,5,113
7911,616,616,1,2023-05-21,2023-06-10,20,3,3,3,9,333
7921,617,617,1,2023-04-29,2023-06-10,42,2,2,3,7,223
5833,618,618,1,2023-05-04,2023-06-10,37,2,2,3,7,223
8685,619,619,1,2023-05-09,2023-06-10,32,2,2,3,7,223
9864,621,621,1,2023-04-13,2023-06-10,58,1,2,3,6,123
2404,622,622,1,2023-05-30,2023-06-10,11,4,4,3,11,443
1567,623,623,1,2023-05-20,2023-06-10,21,3,3,3,9,333
8724,623,623,1,2023-04-12,2023-06-10,59,1,4,3,8,143
9824,623,312,2,2023-05-11,2023-06-10,30,3,4,3,10,343
4982,625,625,1,2023-06-10,2023-06-10,0,4,4,3,11,443
4943,627,314,2,2023-05-17,2023-06-10,24,3,4,3,10,343
5342,627,627,1,2023-05-02,2023-06-10,39,2,2,3,7,223
9991,627,627,1,2023-05-11,2023-06-10,30,3,2,3,8,323
3804,628,628,1,2023-05-23,2023-06-10,18,3,3,3,9,333
4291,628,628,1,2023-04-24,2023-06-10,47,1,1,3,5,113
5040,629,629,1,2023-05-27,2023-06-10,14,4,3,3,10,433
1392,629,629,1,2023-05-10,2023-06-10,31,2,2,3,7,223
4308,631,631,1,2023-06-02,2023-06-10,8,4,4,3,11,443
5803,632,632,1,2023-06-03,2023-06-10,7,4,4,3,11,443
6293,633,633,1,2023-04-21,2023-06-10,50,1,1,3,5,113
5694,635,635,1,2023-05-10,2023-06-10,31,3,2,3,8,323
6818,637,637,1,2023-06-03,2023-06-10,7,4,4,3,11,443
6347,638,638,1,2023-04-12,2023-06-10,59,1,4,3,8,143
5105,639,639,1,2023-04-23,2023-06-10,48,1,1,3,5,113
6234,640,640,1,2023-04-21,2023-06-10,50,1,1,3,5,113
2229,641,641,1,2023-05-23,2023-06-10,18,3,3,3,9,333
2728,642,642,1,2023-05-30,2023-06-10,11,4,4,3,11,443
5150,642,642,1,2023-05-11,2023-06-10,30,3,2,3,8,323
9700,642,642,1,2023-04-25,2023-06-10,46,1,1,3,5,113
7242,642,642,1,2023-06-02,2023-06-10,8,4,4,3,11,443
7825,643,643,1,2023-05-20,2023-06-10,21,3,3,3,9,333
8126,643,643,1,2023-05-14,2023-06-10,27,3,3,3,9,333
4022,644,644,1,2023-04-22,2023-06-10,49,1,1,3,5,113
7626,644,644,1,2023-05-26,2023-06-10,15,3,3,3,9,333
2263,647,647,1,2023-05-13,2023-06-10,28,3,3,3,9,333
5382,648,648,1,2023-05-19,2023-06-10,22,3,3,3,9,333
5059,648,648,1,2023-04-28,2023-06-10,43,2,1,3,6,213
8595,650,650,1,2023-06-03,2023-06-10,7,4,4,3,11,443
7418,650,650,1,2023-04-29,2023-06-10,42,2,2,3,7,223
6816,651,651,1,2023-04-21,2023-06-10,50,1,1,3,5,113
9922,651,651,1,2023-04-25,2023-06-10,46,1,1,3,5,113
4257,653,653,1,2023-05-26,2023-06-10,15,3,3,3,9,333
7521,653,653,1,2023-05-01,2023-06-10,40,2,2,3,7,223
3173,654,654,1,2023-05-26,2023-06-10,15,3,3,3,9,333
4714,656,656,1,2023-05-28,2023-06-10,13,4,3,3,10,433
9835,657,657,1,2023-04-19,2023-06-10,52,1,1,3,5,113
7717,658,658,1,2023-06-05,2023-06-10,5,4,4,3,11,443
9268,661,661,1,2023-05-02,2023-06-10,39,2,2,3,7,223
9897,662,662,1,2023-05-17,2023-06-10,24,3,3,3,9,333
3858,664,664,1,2023-04-18,2023-06-10,53,1,1,3,5,113
9849,664,664,1,2023-04-27,2023-06-10,44,2,1,3,6,213
2139,665,665,1,2023-04-13,2023-06-10,58,1,1,3,5,113
4986,667,667,1,2023-04-30,2023-06-10,41,2,2,3,7,223
5905,667,667,1,2023-06-09,2023-06-10,1,4,4,3,11,443
8895,667,667,1,2023-05-03,2023-06-10,38,2,2,3,7,223
9806,667,667,1,2023-06-01,2023-06-10,9,4,4,3,11,443
1901,669,669,1,2023-04-30,2023-06-10,41,2,2,3,7,223
5272,673,673,1,2023-04-24,2023-06-10,47,1,1,3,5,113
6820,673,673,1,2023-04-24,2023-06-10,47,1,1,3,5,113
2072,674,674,1,2023-04-24,2023-06-10,47,1,1,3,5,113
7484,675,675,1,2023-04-19,2023-06-10,52,1,1,3,5,113
4646,675,675,1,2023-05-28,2023-06-10,13,4,3,3,10,433
3826,677,677,1,2023-06-02,2023-06-10,8,4,4,3,11,443
6383,678,678,1,2023-06-04,2023-06-10,6,4,4,3,11,443
9950,679,679,1,2023-05-03,2023-06-10,38,2,2,3,7,223
6901,680,680,1,2023-06-01,2023-06-10,9,4,4,3,11,443
2816,681,681,1,2023-04-29,2023-06-10,42,2,2,3,7,223
4178,682,682,1,2023-05-04,2023-06-10,37,2,2,3,7,223
8372,683,683,1,2023-05-10,2023-06-10,31,3,2,3,8,323
6986,686,686,1,2023-05-15,2023-06-10,26,3,3,3,9,333
4700,687,687,1,2023-04-30,2023-06-10,41,2,2,3,7,223
9537,688,688,1,2023-04-21,2023-06-10,50,1,1,3,5,113
3148,689,689,1,2023-05-17,2023-06-10,24,3,3,3,9,333
7563,689,689,1,2023-05-04,2023-06-10,37,2,2,3,7,223
3747,689,689,1,2023-05-27,2023-06-10,14,4,3,3,10,433
8105,690,690,1,2023-06-06,2023-06-10,4,4,3,3,10,433
3417,691,691,1,2023-05-22,2023-06-10,19,3,3,3,9,333
7693,692,692,1,2023-05-09,2023-06-10,32,2,2,3,7,223
8924,692,692,1,2023-05-27,2023-06-10,14,4,3,3,10,433
4161,692,692,1,2023-04-12,2023-06-10,59,1,4,3,8,143
1323,693,693,1,2023-04-14,2023-06-10,57,1,1,3,5,113
7981,693,693,1,2023-04-21,2023-06-10,50,1,1,3,5,113
1225,697,697,1,2023-05-02,2023-06-10,39,2,2,3,7,223
5076,697,697,1,2023-04-25,2023-06-10,46,1,1,3,5,113
8269,697,697,1,2023-04-21,2023-06-10,50,1,1,3,5,113
9595,699,699,1,2023-04-24,2023-06-10,47,1,1,3,5,113
4185,699,699,1,2023-05-26,2023-06-10,15,3,3,3,9,333
9054,699,699,1,2023-06-04,2023-06-10,6,4,4,3,11,443
5673,700,700,1,2023-05-08,2023-06-10,33,2,2,3,7,223
6344,700,700,1,2023-05-06,2023-06-10,35,2,2,3,7,223
8490,701,701,1,2023-04-18,2023-06-10,53,1,1,3,5,113
3213,701,701,1,2023-06-10,2023-06-10,0,4,4,3,11,443
6354,701,701,1,2023-05-13,2023-06-10,28,3,3,3,9,333
6005,702,702,1,2023-05-27,2023-06-10,14,4,3,3,10,433
8418,703,703,1,2023-04-28,2023-06-10,43,2,1,3,6,213
9615,704,704,1,2023-05-20,2023-06-10,21,3,3,3,9,333
2624,705,705,1,2023-05-31,2023-06-10,10,4,4,3,11,443
1029,705,705,1,2023-06-10,2023-06-10,0,4,4,3,11,443
3420,708,708,1,2023-05-18,2023-06-10,23,3,3,3,9,333
4792,710,710,1,2023-04-29,2023-06-10,42,2,2,3,7,223
2194,711,711,1,2023-05-31,2023-06-10,10,4,4,3,11,443
5173,712,712,1,2023-04-13,2023-06-10,58,1,1,3,5,113
2075,712,712,1,2023-04-30,2023-06-10,41,2,2,3,7,223
4788,714,357,2,2023-05-31,2023-06-10,10,4,4,3,11,443
7498,718,718,1,2023-06-10,2023-06-10,0,4,4,3,11,443
4616,721,721,1,2023-05-19,2023-06-10,22,3,3,3,9,333
5634,721,361,2,2023-05-27,2023-06-10,14,4,4,3,11,443
4912,724,724,1,2023-05-01,2023-06-10,40,2,2,3,7,223
8210,725,725,1,2023-05-03,2023-06-10,38,2,2,3,7,223
8933,727,727,1,2023-04-28,2023-06-10,43,2,1,3,6,213
4111,729,729,1,2023-05-02,2023-06-10,39,2,2,3,7,223
1440,730,730,1,2023-06-10,2023-06-10,0,4,4,3,11,443
1993,731,731,1,2023-05-06,2023-06-10,35,2,2,3,7,223
3555,731,731,1,2023-05-29,2023-06-10,12,4,4,3,11,443
7151,735,735,1,2023-04-21,2023-06-10,50,1,1,3,5,113
9289,736,736,1,2023-05-05,2023-06-10,36,2,2,3,7,223
8135,736,736,1,2023-04-22,2023-06-10,49,1,1,3,5,113
7199,737,737,1,2023-04-30,2023-06-10,41,2,2,3,7,223
1685,738,738,1,2023-05-19,2023-06-10,22,3,3,3,9,333
7965,739,739,1,2023-04-17,2023-06-10,54,1,1,3,5,113
9482,740,740,1,2023-04-11,2023-06-10,60,1,4,3,8,143
2582,741,741,1,2023-05-28,2023-06-10,13,4,3,3,10,433
7164,741,741,1,2023-06-04,2023-06-10,6,4,4,3,11,443
6210,741,741,1,2023-06-01,2023-06-10,9,4,4,3,11,443
7288,742,742,1,2023-05-29,2023-06-10,12,4,3,3,10,433
2679,743,743,1,2023-05-24,2023-06-10,17,3,2,3,8,323
2824,744,744,1,2023-04-12,2023-06-10,59,1,4,3,8,143
6169,745,745,1,2023-04-18,2023-06-10,53,1,1,3,5,113
5664,746,746,1,2023-05-22,2023-06-10,19,3,3,3,9,333
2036,748,748,1,2023-05-29,2023-06-10,12,4,4,3,11,443
8796,748,748,1,2023-05-17,2023-06-10,24,3,3,3,9,333
3287,748,748,1,2023-04-26,2023-06-10,45,1,1,3,5,113
5970,748,748,1,2023-05-09,2023-06-10,32,2,2,3,7,223
4637,749,749,1,2023-05-13,2023-06-10,28,3,3,3,9,333
1502,749,749,1,2023-04-16,2023-06-10,55,1,1,3,5,113
3509,750,750,1,2023-05-10,2023-06-10,31,2,2,3,7,223
7865,750,750,1,2023-05-15,2023-06-10,26,3,3,3,9,333
7211,751,751,1,2023-05-24,2023-06-10,17,3,2,3,8,323
3906,752,752,1,2023-05-10,2023-06-10,31,2,2,3,7,223
8705,752,752,1,2023-04-12,2023-06-10,59,1,4,3,8,143
4052,752,752,1,2023-06-09,2023-06-10,1,4,4,3,11,443
4275,753,753,1,2023-04-28,2023-06-10,43,2,2,3,7,223
3709,754,754,1,2023-04-15,2023-06-10,56,1,1,3,5,113
1891,754,754,1,2023-06-04,2023-06-10,6,4,4,3,11,443
4371,755,755,1,2023-04-28,2023-06-10,43,2,2,3,7,223
2009,755,755,1,2023-04-20,2023-06-10,51,1,1,3,5,113
4858,756,756,1,2023-05-09,2023-06-10,32,2,2,3,7,223
5106,758,758,1,2023-05-24,2023-06-10,17,3,2,3,8,323
1659,759,759,1,2023-05-29,2023-06-10,12,4,4,3,11,443
9880,759,759,1,2023-06-02,2023-06-10,8,4,4,3,11,443
2970,760,760,1,2023-06-10,2023-06-10,0,4,4,3,11,443
2556,761,761,1,2023-06-04,2023-06-10,6,4,4,3,11,443
9004,761,761,1,2023-05-16,2023-06-10,25,3,3,3,9,333
1505,763,763,1,2023-05-31,2023-06-10,10,4,4,3,11,443
7939,763,382,2,2023-05-25,2023-06-10,16,3,4,3,10,343
2625,765,765,1,2023-06-10,2023-06-10,0,4,4,3,11,443
5477,765,765,1,2023-05-25,2023-06-10,16,3,3,3,9,333
3504,765,765,1,2023-05-04,2023-06-10,37,2,2,3,7,223
3762,767,767,1,2023-05-17,2023-06-10,24,3,3,3,9,333
2940,767,767,1,2023-05-16,2023-06-10,25,3,3,3,9,333
6598,768,768,1,2023-06-10,2023-06-10,0,4,4,3,11,443
2417,768,768,1,2023-04-29,2023-06-10,42,2,2,3,7,223
6517,769,769,1,2023-06-06,2023-06-10,4,4,3,3,10,433
9674,769,769,1,2023-05-03,2023-06-10,38,2,2,3,7,223
6439,770,770,1,2023-05-16,2023-06-10,25,3,3,3,9,333
6071,771,771,1,2023-05-27,2023-06-10,14,3,3,3,9,333
3230,772,772,1,2023-05-30,2023-06-10,11,4,4,3,11,443
7408,775,775,1,2023-05-10,2023-06-10,31,2,2,3,7,223
2669,775,775,1,2023-05-25,2023-06-10,16,3,3,3,9,333
7723,777,777,1,2023-05-13,2023-06-10,28,3,3,3,9,333
9363,777,777,1,2023-05-12,2023-06-10,29,3,2,3,8,323
2033,778,778,1,2023-05-26,2023-06-10,15,3,3,3,9,333
5543,780,780,1,2023-05-30,2023-06-10,11,4,4,3,11,443
4630,781,781,1,2023-05-02,2023-06-10,39,2,2,3,7,223
2101,781,781,1,2023-04-26,2023-06-10,45,1,1,3,5,113
2010,783,783,1,2023-06-03,2023-06-10,7,4,4,3,11,443
9044,784,784,1,2023-05-17,2023-06-10,24,3,3,4,10,334
8859,784,784,1,2023-05-15,2023-06-10,26,3,3,4,10,334
5350,785,785,1,2023-05-22,2023-06-10,19,3,3,4,10,334
4892,786,786,1,2023-05-13,2023-06-10,28,3,3,4,10,334
4190,786,786,1,2023-04-13,2023-06-10,58,1,1,4,6,114
7885,788,788,1,2023-04-30,2023-06-10,41,2,2,4,8,224
3221,788,788,1,2023-05-29,2023-06-10,12,4,4,4,12,444
4990,789,789,1,2023-04-19,2023-06-10,52,1,1,4,6,114
6742,789,789,1,2023-04-27,2023-06-10,44,2,1,4,7,214
5371,790,790,1,2023-04-21,2023-06-10,50,1,1,4,6,114
6869,791,791,1,2023-05-31,2023-06-10,10,4,4,4,12,444
1990,791,791,1,2023-06-10,2023-06-10,0,4,4,4,12,444
3275,792,792,1,2023-04-26,2023-06-10,45,1,1,4,6,114
5334,793,793,1,2023-05-31,2023-06-10,10,4,4,4,12,444
4302,793,793,1,2023-04-13,2023-06-10,58,1,1,4,6,114
7453,797,797,1,2023-05-04,2023-06-10,37,2,2,4,8,224
9954,798,798,1,2023-05-29,2023-06-10,12,4,4,4,12,444
7018,799,799,1,2023-06-09,2023-06-10,1,4,4,4,12,444
4475,800,800,1,2023-05-03,2023-06-10,38,2,2,4,8,224
5476,801,801,1,2023-04-18,2023-06-10,53,1,1,4,6,114
2791,802,802,1,2023-05-24,2023-06-10,17,3,2,4,9,324
3837,803,803,1,2023-05-19,2023-06-10,22,3,3,4,10,334
2310,803,803,1,2023-05-10,2023-06-10,31,2,2,4,8,224
4770,804,804,1,2023-05-19,2023-06-10,22,3,3,4,10,334
4759,804,804,1,2023-06-10,2023-06-10,0,4,4,4,12,444
4695,805,403,2,2023-04-21,2023-06-10,50,1,4,4,9,144
4585,806,806,1,2023-04-22,2023-06-10,49,1,1,4,6,114
9841,807,807,1,2023-04-25,2023-06-10,46,1,1,4,6,114
3450,808,808,1,2023-05-11,2023-06-10,30,3,2,4,9,324
8575,809,809,1,2023-05-24,2023-06-10,17,3,3,4,10,334
6085,809,809,1,2023-04-25,2023-06-10,46,1,1,4,6,114
2481,810,810,1,2023-04-21,2023-06-10,50,1,1,4,6,114
1612,810,810,1,2023-05-27,2023-06-10,14,4,3,4,11,434
5470,811,811,1,2023-04-23,2023-06-10,48,1,1,4,6,114
2848,811,811,1,2023-04-13,2023-06-10,58,1,1,4,6,114
8292,812,812,1,2023-04-16,2023-06-10,55,1,1,4,6,114
5919,812,812,1,2023-04-13,2023-06-10,58,1,1,4,6,114
4817,813,813,1,2023-04-27,2023-06-10,44,2,1,4,7,214
4882,813,813,1,2023-04-24,2023-06-10,47,1,1,4,6,114
3485,813,813,1,2023-04-20,2023-06-10,51,1,1,4,6,114
1820,815,815,1,2023-04-17,2023-06-10,54,1,1,4,6,114
8251,817,817,1,2023-05-20,2023-06-10,21,3,3,4,10,334
2522,817,817,1,2023-05-04,2023-06-10,37,2,2,4,8,224
9625,817,817,1,2023-04-27,2023-06-10,44,1,1,4,6,114
7971,817,409,2,2023-05-28,2023-06-10,13,4,4,4,12,444
1331,819,819,1,2023-05-02,2023-06-10,39,2,2,4,8,224
8362,821,821,1,2023-04-29,2023-06-10,42,2,2,4,8,224
5216,823,823,1,2023-05-29,2023-06-10,12,4,4,4,12,444
5488,825,825,1,2023-05-04,2023-06-10,37,2,2,4,8,224
4532,826,826,1,2023-05-10,2023-06-10,31,3,2,4,9,324
2035,826,826,1,2023-05-21,2023-06-10,20,3,3,4,10,334
3832,827,827,1,2023-05-12,2023-06-10,29,3,2,4,9,324
6584,827,827,1,2023-05-04,2023-06-10,37,2,2,4,8,224
8616,827,827,1,2023-05-08,2023-06-10,33,2,2,4,8,224
8399,829,829,1,2023-05-10,2023-06-10,31,3,2,4,9,324
7653,835,835,1,2023-05-16,2023-06-10,25,3,3,4,10,334
4617,836,836,1,2023-05-20,2023-06-10,21,3,3,4,10,334
4755,837,837,1,2023-04-23,2023-06-10,48,1,1,4,6,114
4750,838,838,1,2023-05-24,2023-06-10,17,3,2,4,9,324
2029,838,838,1,2023-04-18,2023-06-10,53,1,1,4,6,114
5583,839,420,2,2023-05-05,2023-06-10,36,2,4,4,10,244
3150,840,840,1,2023-05-14,2023-06-10,27,3,3,4,10,334
5051,841,841,1,2023-04-23,2023-06-10,48,1,1,4,6,114
8692,841,841,1,2023-05-29,2023-06-10,12,4,4,4,12,444
7809,841,841,1,2023-05-26,2023-06-10,15,3,3,4,10,334
8145,842,842,1,2023-04-28,2023-06-10,43,2,2,4,8,224
9680,845,423,2,2023-04-30,2023-06-10,41,2,4,4,10,244
9393,845,845,1,2023-04-30,2023-06-10,41,2,2,4,8,224
2342,845,845,1,2023-05-11,2023-06-10,30,3,2,4,9,324
2443,846,846,1,2023-05-08,2023-06-10,33,2,2,4,8,224
1960,846,846,1,2023-06-10,2023-06-10,0,4,4,4,12,444
3196,848,848,1,2023-05-13,2023-06-10,28,3,3,4,10,334
1439,849,849,1,2023-06-04,2023-06-10,6,4,4,4,12,444
1510,850,850,1,2023-04-20,2023-06-10,51,1,1,4,6,114
3203,851,851,1,2023-06-07,2023-06-10,3,4,3,4,11,434
7099,856,856,1,2023-05-04,2023-06-10,37,2,2,4,8,224
4522,858,858,1,2023-06-03,2023-06-10,7,4,4,4,12,444
1046,860,860,1,2023-04-28,2023-06-10,43,2,1,4,7,214
2999,861,861,1,2023-05-25,2023-06-10,16,3,3,4,10,334
2180,863,863,1,2023-05-06,2023-06-10,35,2,2,4,8,224
3607,863,863,1,2023-05-28,2023-06-10,13,4,3,4,11,434
1721,864,864,1,2023-06-04,2023-06-10,6,4,4,4,12,444
5298,864,864,1,2023-05-23,2023-06-10,18,3,3,4,10,334
7735,865,865,1,2023-05-10,2023-06-10,31,3,2,4,9,324
9409,866,866,1,2023-04-12,2023-06-10,59,1,4,4,9,144
6781,869,869,1,2023-06-02,2023-06-10,8,4,4,4,12,444
4538,871,871,1,2023-06-02,2023-06-10,8,4,4,4,12,444
2293,872,872,1,2023-05-20,2023-06-10,21,3,3,4,10,334
9042,874,874,1,2023-04-17,2023-06-10,54,1,1,4,6,114
1182,876,876,1,2023-05-16,2023-06-10,25,3,3,4,10,334
3846,876,876,1,2023-04-23,2023-06-10,48,1,1,4,6,114
8579,876,876,1,2023-04-26,2023-06-10,45,1,1,4,6,114
9747,879,879,1,2023-04-29,2023-06-10,42,2,2,4,8,224
6478,881,881,1,2023-05-03,2023-06-10,38,2,2,4,8,224
5719,882,882,1,2023-05-09,2023-06-10,32,2,2,4,8,224
2419,883,883,1,2023-04-28,2023-06-10,43,2,2,4,8,224
1108,883,883,1,2023-05-13,2023-06-10,28,3,3,4,10,334
9173,884,884,1,2023-05-07,2023-06-10,34,2,2,4,8,224
9108,884,884,1,2023-05-19,2023-06-10,22,3,3,4,10,334
8201,886,886,1,2023-05-06,2023-06-10,35,2,2,4,8,224
1653,887,887,1,2023-05-24,2023-06-10,17,3,2,4,9,324
4029,887,887,1,2023-05-04,2023-06-10,37,2,2,4,8,224
7909,887,887,1,2023-05-22,2023-06-10,19,3,3,4,10,334
7889,888,888,1,2023-05-31,2023-06-10,10,4,4,4,12,444
6934,893,893,1,2023-05-21,2023-06-10,20,3,3,4,10,334
6502,894,894,1,2023-05-01,2023-06-10,40,2,2,4,8,224
8715,896,896,1,2023-05-12,2023-06-10,29,3,2,4,9,324
6890,897,897,1,2023-05-25,2023-06-10,16,3,3,4,10,334
9899,897,897,1,2023-05-05,2023-06-10,36,2,2,4,8,224
5511,897,897,1,2023-05-08,2023-06-10,33,2,2,4,8,224
4559,898,898,1,2023-04-16,2023-06-10,55,1,1,4,6,114
7862,900,900,1,2023-06-03,2023-06-10,7,4,4,4,12,444
9008,900,900,1,2023-04-16,2023-06-10,55,1,1,4,6,114
6050,900,900,1,2023-05-04,2023-06-10,37,2,2,4,8,224
2695,900,900,1,2023-06-01,2023-06-10,9,4,4,4,12,444
3041,901,901,1,2023-05-27,2023-06-10,14,4,3,4,11,434
3110,906,906,1,2023-04-16,2023-06-10,55,1,1,4,6,114
7883,906,906,1,2023-05-05,2023-06-10,36,2,2,4,8,224
5469,906,906,1,2023-05-09,2023-06-10,32,2,2,4,8,224
7170,907,907,1,2023-05-18,2023-06-10,23,3,3,4,10,334
5843,908,908,1,2023-04-27,2023-06-10,44,2,1,4,7,214
5114,909,909,1,2023-06-07,2023-06-10,3,4,4,4,12,444
2502,911,911,1,2023-06-10,2023-06-10,0,4,4,4,12,444
2633,911,911,1,2023-05-14,2023-06-10,27,3,3,4,10,334
3153,911,911,1,2023-04-16,2023-06-10,55,1,1,4,6,114
7859,917,917,1,2023-05-19,2023-06-10,22,3,3,4,10,334
7358,919,919,1,2023-05-11,2023-06-10,30,3,2,4,9,324
3937,919,919,1,2023-04-17,2023-06-10,54,1,1,4,6,114
3880,920,920,1,2023-06-09,2023-06-10,1,4,4,4,12,444
3140,921,921,1,2023-05-11,2023-06-10,30,3,2,4,9,324
6963,921,921,1,2023-05-05,2023-06-10,36,2,2,4,8,224
2524,922,922,1,2023-04-13,2023-06-10,58,1,1,4,6,114
1651,923,923,1,2023-04-26,2023-06-10,45,1,1,4,6,114
6298,925,925,1,2023-05-24,2023-06-10,17,3,3,4,10,334
2083,928,928,1,2023-04-22,2023-06-10,49,1,1,4,6,114
1430,930,930,1,2023-05-19,2023-06-10,22,3,3,4,10,334
3604,933,933,1,2023-06-05,2023-06-10,5,4,3,4,11,434
3522,933,933,1,2023-05-12,2023-06-10,29,3,2,4,9,324
1833,933,933,1,2023-05-30,2023-06-10,11,4,4,4,12,444
6714,934,934,1,2023-05-16,2023-06-10,25,3,3,4,10,334
1190,935,935,1,2023-05-22,2023-06-10,19,3,3,4,10,334
7798,935,935,1,2023-05-02,2023-06-10,39,2,2,4,8,224
7666,936,936,1,2023-05-22,2023-06-10,19,3,3,4,10,334
8822,936,936,1,2023-05-01,2023-06-10,40,2,2,4,8,224
8640,938,938,1,2023-05-26,2023-06-10,15,3,3,4,10,334
9785,940,940,1,2023-05-02,2023-06-10,39,2,2,4,8,224
7457,940,940,1,2023-05-20,2023-06-10,21,3,3,4,10,334
6829,942,942,1,2023-05-16,2023-06-10,25,3,3,4,10,334
6669,942,942,1,2023-06-10,2023-06-10,0,4,4,4,12,444
1507,943,943,1,2023-05-08,2023-06-10,33,2,2,4,8,224
8814,943,943,1,2023-04-11,2023-06-10,60,1,4,4,9,144
9564,945,473,2,2023-06-05,2023-06-10,5,4,4,4,12,444
2832,946,946,1,2023-04-15,2023-06-10,56,1,1,4,6,114
1166,949,949,1,2023-05-14,2023-06-10,27,3,3,4,10,334
1517,949,949,1,2023-05-17,2023-06-10,24,3,3,4,10,334
1749,949,949,1,2023-04-30,2023-06-10,41,2,2,4,8,224
7078,950,950,1,2023-05-23,2023-06-10,18,3,3,4,10,334
9383,950,950,1,2023-05-20,2023-06-10,21,3,3,4,10,334
5809,951,951,1,2023-04-24,2023-06-10,47,1,1,4,6,114
1601,952,476,2,2023-05-10,2023-06-10,31,3,4,4,11,344
2234,952,952,1,2023-04-22,2023-06-10,49,1,1,4,6,114
5558,952,952,1,2023-05-29,2023-06-10,12,4,4,4,12,444
6221,952,952,1,2023-04-27,2023-06-10,44,2,1,4,7,214
6172,956,956,1,2023-05-07,2023-06-10,34,2,2,4,8,224
2124,958,958,1,2023-05-30,2023-06-10,11,4,4,4,12,444
2294,960,960,1,2023-05-04,2023-06-10,37,2,2,4,8,224
9941,961,961,1,2023-04-29,2023-06-10,42,2,2,4,8,224
4913,964,964,1,2023-06-04,2023-06-10,6,4,4,4,12,444
8504,964,964,1,2023-05-22,2023-06-10,19,3,3,4,10,334
7291,964,964,1,2023-05-03,2023-06-10,38,2,2,4,8,224
6703,964,964,1,2023-05-03,2023-06-10,38,2,2,4,8,224
2691,969,969,1,2023-05-26,2023-06-10,15,3,3,4,10,334
5861,969,969,1,2023-04-24,2023-06-10,47,1,1,4,6,114
6544,970,970,1,2023-06-09,2023-06-10,1,4,4,4,12,444
6295,971,971,1,2023-06-05,2023-06-10,5,4,3,4,11,434
3502,971,971,1,2023-05-08,2023-06-10,33,2,2,4,8,224
9669,971,971,1,2023-04-27,2023-06-10,44,1,1,4,6,114
9120,973,973,1,2023-04-14,2023-06-10,57,1,1,4,6,114
7334,974,974,1,2023-05-02,2023-06-10,39,2,2,4,8,224
5494,975,975,1,2023-04-13,2023-06-10,58,1,1,4,6,114
8317,975,488,2,2023-05-31,2023-06-10,10,4,4,4,12,444
5308,975,975,1,2023-05-26,2023-06-10,15,3,3,4,10,334
5837,978,978,1,2023-04-12,2023-06-10,59,1,4,4,9,144
9821,980,980,1,2023-04-22,2023-06-10,49,1,1,4,6,114
9538,982,982,1,2023-05-23,2023-06-10,18,3,3,4,10,334
8657,983,983,1,2023-06-01,2023-06-10,9,4,4,4,12,444
4974,983,492,2,2023-05-25,2023-06-10,16,3,4,4,11,344
8149,984,984,1,2023-05-19,2023-06-10,22,3,3,4,10,334
7296,985,985,1,2023-06-09,2023-06-10,1,4,4,4,12,444
4675,985,985,1,2023-05-27,2023-06-10,14,4,3,4,11,434
9066,986,986,1,2023-06-07,2023-06-10,3,4,3,4,11,434
6614,987,987,1,2023-05-07,2023-06-10,34,2,2,4,8,224
5994,988,988,1,2023-04-21,2023-06-10,50,1,1,4,6,114
5582,989,989,1,2023-06-02,2023-06-10,8,4,4,4,12,444
9444,989,989,1,2023-05-06,2023-06-10,35,2,2,4,8,224
8925,989,989,1,2023-04-27,2023-06-10,44,2,1,4,7,214
3662,991,991,1,2023-05-06,2023-06-10,35,2,2,4,8,224
2527,992,992,1,2023-04-25,2023-06-10,46,1,1,4,6,114
8359,993,993,1,2023-05-19,2023-06-10,22,3,3,4,10,334
5049,995,995,1,2023-05-28,2023-06-10,13,4,3,4,11,434
6107,995,995,1,2023-05-06,2023-06-10,35,2,1,4,7,214
8311,996,996,1,2023-04-24,2023-06-10,47,1,1,4,6,114
2228,997,997,1,2023-04-12,2023-06-10,59,1,4,4,9,144
6776,998,998,1,2023-05-20,2023-06-10,21,3,3,4,10,334
1828,999,999,1,2023-05-22,2023-06-10,19,3,3,4,10,334
1120,999,999,1,2023-05-13,2023-06-10,28,3,3,4,10,334
5067,1005,503,2,2023-06-05,2023-06-10,5,4,4,4,12,444
7511,1019,510,2,2023-06-04,2023-06-10,6,4,4,4,12,444
1803,1033,517,2,2023-06-08,2023-06-10,2,4,4,4,12,444
2494,1063,532,2,2023-05-11,2023-06-10,30,3,4,4,11,344
3262,1080,540,2,2023-06-04,2023-06-10,6,4,4,4,12,444
2741,1105,553,2,2023-05-12,2023-06-10,29,3,4,4,11,344
1715,1118,559,2,2023-05-07,2023-06-10,34,2,4,4,10,244
1920,1118,559,2,2023-05-03,2023-06-10,38,2,4,4,10,244
8216,1118,559,2,2023-05-02,2023-06-10,39,2,4,4,10,244
1011,1129,565,2,2023-05-08,2023-06-10,33,2,4,4,10,244
5254,1132,566,2,2023-05-14,2023-06-10,27,3,4,4,11,344
6617,1149,575,2,2023-04-29,2023-06-10,42,2,4,4,10,244
5933,1163,582,2,2023-05-07,2023-06-10,34,2,4,4,10,244
2702,1164,582,2,2023-04-27,2023-06-10,44,2,4,4,10,244
1305,1234,617,2,2023-06-06,2023-06-10,4,4,4,4,12,444
9584,1243,622,2,2023-04-16,2023-06-10,55,1,4,4,9,144
4812,1280,640,2,2023-05-26,2023-06-10,15,3,4,4,11,344
1645,1292,646,2,2023-05-16,2023-06-10,25,3,4,4,11,344
7363,1386,462,3,2023-05-03,2023-06-10,38,2,4,4,10,244
2133,1386,693,2,2023-06-02,2023-06-10,8,4,4,4,12,444
9514,1554,777,2,2023-05-27,2023-06-10,14,4,4,4,12,444
1480,1622,811,2,2023-06-07,2023-06-10,3,4,4,4,12,444
2526,1635,818,2,2023-05-27,2023-06-10,14,3,4,4,11,344
7046,1662,831,2,2023-05-31,2023-06-10,10,4,4,4,12,444
9328,1710,855,2,2023-05-30,2023-06-10,11,4,4,4,12,444
3938,1731,866,2,2023-05-28,2023-06-10,13,4,4,4,12,444
3695,1771,886,2,2023-05-01,2023-06-10,40,2,4,4,10,244
9871,1821,911,2,2023-05-07,2023-06-10,34,2,4,4,10,244
4804,2074,691,3,2023-05-15,2023-06-10,26,3,4,4,11,344
5557,2380,793,3,2023-06-01,2023-06-10,9,4,4,4,12,444
